MSEtrain,MSEvalid
0.038914543,0.03882412
0.03843056,0.03833423
0.037359346,0.037246455
0.035399962,0.035259195
0.032142907,0.031960294
0.02737707,0.027141009
0.021220388,0.020927044
0.014939583,0.0146085825
0.010298074,0.00996491
0.007576202,0.0072639384
0.0060524303,0.0057634506
0.0051709367,0.004894844
0.004640142,0.004374493
0.004307078,0.0040482036
0.004097119,0.003842065
0.0039604236,0.0037081898
0.0038694143,0.0036181312
0.0038065508,0.0035548573
0.003759831,0.003510432
0.0037241103,0.0034753424
0.0036944384,0.0034509844
0.0036636756,0.003421986
0.0036260625,0.0033837897
0.0035849526,0.0033451752
0.0035347268,0.0032995178
0.0034700672,0.0032399604
0.0033875909,0.003163188
0.0032839226,0.0030691905
0.0031490193,0.0029450567
0.002981892,0.002787596
0.0027802442,0.0026030429
0.0025481703,0.002390343
0.0022940543,0.002154386
0.002032903,0.0019120993
0.0017779873,0.0016767875
0.0015470799,0.0014618662
0.0013503848,0.0012791359
0.0011845798,0.0011230982
0.0010542605,0.0010023192
0.0009475124,0.00090194406
0.0008640809,0.00082386524
0.000795474,0.00075865147
0.0007398898,0.00070664875
0.0006957991,0.00066518324
0.0006606666,0.00063189014
0.00063150463,0.0006053844
0.00060725433,0.0005807809
0.00058651215,0.0005624641
0.0005699468,0.0005464689
0.0005557638,0.0005333137
0.0005441724,0.0005222142
0.0005336916,0.00051242043
0.0005252232,0.00050440256
0.00051782443,0.0004972987
0.0005112768,0.00049126736
0.0005058581,0.00048607928
0.00050107547,0.00048136307
0.0004969571,0.00047866497
0.00049310963,0.00047449314
0.0004897034,0.00047129887
0.00048688386,0.00046935043
0.00048400852,0.00046561044
0.0004818235,0.00046327506
0.00047941552,0.00046215698
0.00047750014,0.00046029093
0.00047554835,0.00045763256
0.0004736869,0.00045621677
0.00047192033,0.00045443603
0.00047058734,0.00045318075
0.0004688708,0.0004512825
0.0004674232,0.00045039438
0.00046682794,0.0004514173
0.00046475662,0.00044858042
0.00046366572,0.00044820915
0.00046219362,0.0004446041
0.00046065584,0.00044467533
0.00045932838,0.00044376374
0.00045844467,0.00044352445
0.00045615443,0.00043980798
0.0004547626,0.00043884155
0.00045321547,0.00043688764
0.0004516076,0.00043513274
0.0004498385,0.00043300257
0.0004482161,0.00043198778
0.00044651056,0.00043119473
0.00044431744,0.00042843446
0.0004422664,0.00042632147
0.00044025652,0.00042445975
0.00043952386,0.00042541212
0.00043577552,0.00042014258
0.00043335985,0.0004170781
0.0004314272,0.00041665017
0.00042820687,0.0004119613
0.00042515784,0.00040883102
0.0004223801,0.0004072689
0.0004187858,0.00040242675
0.00041532613,0.00039974903
0.00041176213,0.00039525144
0.00040766053,0.0003912662
0.00040359396,0.00038760735
0.000398813,0.00038302998
0.00039459788,0.0003799153
0.00038914452,0.00037424
0.00038374792,0.00036810106
0.00037802136,0.00036280518
0.00037204192,0.00035762737
0.0003657871,0.0003507311
0.00035903425,0.0003448042
0.00035190428,0.0003372064
0.00034448603,0.00033007923
0.00033643682,0.00032180766
0.0003280859,0.000314346
0.00031938864,0.00030535395
0.0003100694,0.00029596398
0.0003008726,0.0002876747
0.0002910617,0.00027798623
0.00028128244,0.00026667933
0.0002698069,0.00025635894
0.0002587962,0.0002457233
0.0002475613,0.00023473101
0.00023681873,0.00022434801
0.0002259801,0.00021324516
0.00021479926,0.00020271713
0.0002041813,0.00019238319
0.00019365273,0.00018189615
0.00018361927,0.00017155212
0.0001740208,0.00016274772
0.00016518134,0.0001540503
0.00015687427,0.000145795
0.00014891081,0.00013774817
0.0001417077,0.0001302355
0.00013549293,0.0001244864
0.00012950673,0.000118070224
0.00012423226,0.00011273261
0.00011912711,0.000107931206
0.00011512369,0.00010367893
0.00011095269,0.00010008353
0.00010732839,9.644458e-5
0.00010408656,9.2680006e-5
0.00010092509,8.990497e-5
9.84606e-5,8.768754e-5
9.574194e-5,8.474256e-5
9.395901e-5,8.2593804e-5
9.159789e-5,8.0791055e-5
8.9686946e-5,7.8565725e-5
8.778998e-5,7.678998e-5
8.642578e-5,7.5509524e-5
8.4829284e-5,7.3831136e-5
8.376257e-5,7.2714e-5
8.263635e-5,7.201206e-5
8.1443395e-5,7.0405666e-5
8.041188e-5,6.937379e-5
8.012363e-5,6.970291e-5
7.879814e-5,6.768906e-5
7.84435e-5,6.726159e-5
7.744134e-5,6.643784e-5
7.683344e-5,6.609314e-5
7.634113e-5,6.528746e-5
7.587467e-5,6.495324e-5
7.538416e-5,6.434105e-5
7.5009106e-5,6.4189386e-5
7.456647e-5,6.3454056e-5
7.4150106e-5,6.3286876e-5
7.398443e-5,6.3093925e-5
7.366384e-5,6.277241e-5
7.334467e-5,6.224931e-5
7.3099865e-5,6.202631e-5
7.3013514e-5,6.217724e-5
7.3088755e-5,6.1743296e-5
7.261253e-5,6.170159e-5
7.256361e-5,6.172044e-5
7.2323746e-5,6.141492e-5
7.342282e-5,6.301442e-5
7.2082126e-5,6.105699e-5
7.213277e-5,6.1277206e-5
7.199143e-5,6.0960727e-5
7.181771e-5,6.086979e-5
7.218628e-5,6.124513e-5
7.173406e-5,6.0876497e-5
7.202965e-5,6.0694987e-5
7.208353e-5,6.144132e-5
7.153733e-5,6.0561273e-5
7.140885e-5,6.0417824e-5
7.157508e-5,6.040535e-5
7.138594e-5,6.049554e-5
7.15232e-5,6.0316142e-5
7.127145e-5,6.0345476e-5
7.139103e-5,6.041745e-5
7.134826e-5,6.0419647e-5
7.1255155e-5,6.0396498e-5
7.151613e-5,6.0240327e-5
7.1575465e-5,6.0768303e-5
7.157264e-5,6.0352835e-5
7.160264e-5,6.104385e-5
7.119482e-5,6.0251703e-5
7.132688e-5,6.0218506e-5
7.128995e-5,5.9956787e-5
7.147512e-5,6.070761e-5
7.118459e-5,6.0510563e-5
7.130097e-5,6.007816e-5
7.137249e-5,6.01486e-5
7.120258e-5,6.0560105e-5
7.139511e-5,6.0092894e-5
7.150804e-5,6.053275e-5
7.108594e-5,5.99545e-5
7.1460665e-5,6.0528306e-5
7.3811396e-5,6.355133e-5
7.1107286e-5,5.997931e-5
7.132399e-5,6.0732826e-5
7.144724e-5,6.089559e-5
7.126914e-5,5.9991216e-5
7.109271e-5,5.9781145e-5
7.124442e-5,6.0009555e-5
7.147784e-5,6.0755134e-5
7.112926e-5,6.020511e-5
7.108554e-5,6.024774e-5
7.130536e-5,6.0225942e-5
7.166406e-5,6.1016188e-5
7.150547e-5,6.025902e-5
7.131161e-5,6.04821e-5
7.144054e-5,6.069115e-5
7.152398e-5,6.0654653e-5
7.1125134e-5,6.0153816e-5
7.105543e-5,5.9963128e-5
7.101548e-5,5.999135e-5
7.1410315e-5,6.0074955e-5
7.1481765e-5,6.011076e-5
7.115479e-5,6.0151495e-5
7.114099e-5,6.016835e-5
7.125919e-5,6.010526e-5
7.1176975e-5,6.0219772e-5
7.159212e-5,6.1082894e-5
7.124778e-5,6.0084098e-5
7.1458584e-5,6.030967e-5
7.163063e-5,6.0874252e-5
7.1339986e-5,6.0047045e-5
7.112916e-5,6.006684e-5
7.108045e-5,6.0181173e-5
7.1226255e-5,6.0400896e-5
7.127038e-5,5.999067e-5
7.1593284e-5,6.0759343e-5
7.1043476e-5,5.99184e-5
7.121116e-5,6.018808e-5
7.151578e-5,6.0537324e-5
7.1343624e-5,6.0569826e-5
7.118094e-5,6.0307786e-5
7.114006e-5,6.0116887e-5
7.102994e-5,5.995576e-5
7.124367e-5,6.0119786e-5
7.123111e-5,6.0134902e-5
7.0984745e-5,6.0030856e-5
7.0974434e-5,6.00135e-5
7.0973285e-5,6.0023947e-5
7.098083e-5,6.0015904e-5
7.097728e-5,5.9956754e-5
7.097625e-5,5.993741e-5
7.099751e-5,5.9956048e-5
7.097577e-5,5.9921083e-5
7.098361e-5,5.9864673e-5
7.0965194e-5,5.991815e-5
7.097319e-5,5.9914804e-5
7.097344e-5,5.9889473e-5
7.0966205e-5,5.9938284e-5
7.096525e-5,5.9994494e-5
7.096452e-5,5.9983216e-5
7.0964066e-5,5.9949038e-5
7.097147e-5,5.9978724e-5
7.096906e-5,5.9919672e-5
7.097105e-5,5.989511e-5
7.097149e-5,5.9911967e-5
7.0972776e-5,5.99519e-5
7.102647e-5,5.9886275e-5
7.09679e-5,5.9877293e-5
7.097749e-5,5.9996823e-5
7.097002e-5,5.9877046e-5
7.096349e-5,5.990986e-5
7.0963484e-5,5.990768e-5
7.101723e-5,6.0047863e-5
7.098312e-5,5.9913888e-5
7.1064e-5,5.9904785e-5
7.098933e-5,5.989844e-5
7.0962924e-5,5.9928894e-5
7.096809e-5,5.9962058e-5
7.096691e-5,5.9902475e-5
7.101002e-5,6.0062812e-5
7.0964306e-5,5.9895363e-5
7.100558e-5,5.986181e-5
7.098152e-5,5.9997736e-5
7.098062e-5,6.0011185e-5
7.0967544e-5,5.9909486e-5
7.103121e-5,5.9894825e-5
7.097476e-5,5.9930942e-5
7.096575e-5,5.990359e-5
7.0966984e-5,5.9902566e-5
7.096534e-5,5.991683e-5
7.1006136e-5,5.9866594e-5
7.09663e-5,5.993384e-5
7.096639e-5,5.9932223e-5
7.096987e-5,6.0033868e-5
7.095931e-5,5.9943697e-5
7.0974675e-5,6.0052458e-5
7.096106e-5,5.9954506e-5
7.0978174e-5,5.9942668e-5
7.09659e-5,5.9985698e-5
7.096762e-5,5.9939546e-5
7.096154e-5,5.9931226e-5
7.0979135e-5,5.996e-5
7.0977985e-5,5.9992235e-5
7.09771e-5,5.987688e-5
7.09626e-5,5.9907285e-5
7.097624e-5,5.987823e-5
7.0964605e-5,5.9994938e-5
7.0966664e-5,6.000764e-5
7.096076e-5,5.9925987e-5
7.0959984e-5,5.9983904e-5
7.097135e-5,5.9943275e-5
7.100051e-5,5.98953e-5
7.1031856e-5,6.00837e-5
7.097999e-5,5.988317e-5
7.096074e-5,5.9910937e-5
7.0971444e-5,5.9938415e-5
7.096238e-5,5.9932663e-5
7.096479e-5,5.9961712e-5
7.0963884e-5,5.9938797e-5
7.096654e-5,5.9952632e-5
7.09583e-5,5.9968614e-5
7.098057e-5,5.9908845e-5
7.097011e-5,5.990716e-5
7.097186e-5,6.0045062e-5
7.096532e-5,5.9989896e-5
7.09828e-5,5.9924536e-5
7.097826e-5,6.0059978e-5
7.1001305e-5,6.0090213e-5
7.096413e-5,5.990941e-5
7.0977614e-5,5.9896403e-5
7.096014e-5,5.9946222e-5
7.099032e-5,6.004788e-5
7.096762e-5,5.9962134e-5
7.0956296e-5,5.9923557e-5
7.0959504e-5,5.988617e-5
7.0963564e-5,5.9955706e-5
7.098789e-5,6.0085076e-5
7.096542e-5,5.9955888e-5
7.100185e-5,6.0172486e-5
7.0966176e-5,6.0045466e-5
7.0967784e-5,5.992845e-5
7.095791e-5,5.993685e-5
7.096002e-5,5.9986498e-5
7.0962684e-5,6.0008668e-5
7.0987844e-5,5.9942104e-5
7.0974296e-5,5.996612e-5
7.095949e-5,5.998569e-5
7.095752e-5,5.997144e-5
7.0960166e-5,5.9988764e-5
7.09793e-5,6.0090002e-5
7.096202e-5,5.9997772e-5
7.09868e-5,5.9973547e-5
7.096979e-5,5.996664e-5
7.0959e-5,6.0008722e-5
7.097243e-5,6.00043e-5
7.100108e-5,5.996973e-5
7.0963455e-5,5.99592e-5
7.0969334e-5,5.9880316e-5
7.095508e-5,5.989939e-5
7.095897e-5,5.9946564e-5
7.09544e-5,5.9978764e-5
7.097241e-5,6.003486e-5
7.095692e-5,5.9964797e-5
7.0969385e-5,6.006465e-5
7.097129e-5,5.9964812e-5
7.0955604e-5,5.9986625e-5
7.1035836e-5,6.0153092e-5
7.096998e-5,5.9944334e-5
7.095965e-5,6.0015915e-5
7.096189e-5,5.9975613e-5
7.096698e-5,6.002001e-5
7.0971306e-5,5.9959242e-5
7.095986e-5,5.9976872e-5
7.096182e-5,6.0007143e-5
7.0960035e-5,5.9977272e-5
7.096272e-5,6.000252e-5
7.0956026e-5,5.9933038e-5
7.098085e-5,5.9902286e-5
7.096819e-5,5.9999187e-5
7.0956194e-5,5.9910322e-5
7.095562e-5,5.9899336e-5
7.098607e-5,6.003059e-5
7.0958085e-5,5.9903512e-5
7.099431e-5,5.98534e-5
7.095218e-5,5.9951526e-5
7.096727e-5,5.9991744e-5
7.096403e-5,5.9898623e-5
7.096895e-5,5.9847454e-5
7.097201e-5,6.000443e-5
7.104349e-5,5.987294e-5
7.097789e-5,5.9934886e-5
7.098173e-5,6.007983e-5
7.0961825e-5,5.994559e-5
7.096718e-5,6.005131e-5
7.0959184e-5,5.9949227e-5
7.0966045e-5,5.9900838e-5
7.096052e-5,5.9899106e-5
7.095667e-5,5.9943217e-5
7.095345e-5,5.9965783e-5
7.0956026e-5,5.9919035e-5
7.095689e-5,5.9928312e-5
7.095331e-5,5.9906077e-5
7.0956536e-5,5.9933715e-5
7.096658e-5,5.9899532e-5
7.095478e-5,5.990763e-5
7.096135e-5,5.9957463e-5
7.098985e-5,5.9877635e-5
7.0962255e-5,5.9964616e-5
7.103643e-5,5.991455e-5
7.0973714e-5,6.0030816e-5
7.098489e-5,5.9907987e-5
7.098498e-5,6.0013135e-5
7.0959744e-5,5.991964e-5
7.106934e-5,6.0213002e-5
7.0955364e-5,5.995067e-5
7.095206e-5,5.9948492e-5
7.095716e-5,5.9954607e-5
7.099837e-5,5.9884074e-5
7.095424e-5,5.991212e-5
7.0952476e-5,5.9908627e-5
7.095382e-5,5.9925365e-5
7.099794e-5,5.9994374e-5
7.096735e-5,5.9860904e-5
7.0994975e-5,5.986494e-5
7.098683e-5,5.9982198e-5
7.099749e-5,6.0070663e-5
7.0954455e-5,5.9989212e-5
7.095393e-5,5.9946342e-5
7.095227e-5,5.993122e-5
7.096719e-5,5.9925816e-5
7.0953494e-5,5.997458e-5
7.095195e-5,5.996146e-5
7.095638e-5,5.993771e-5
7.098807e-5,5.9880374e-5
7.0952796e-5,5.9988583e-5
7.095837e-5,5.9958173e-5
7.098033e-5,5.997864e-5
7.0976006e-5,5.9959817e-5
7.095158e-5,5.9953654e-5
7.09506e-5,5.9978513e-5
7.0954695e-5,5.9925373e-5
7.09784e-5,6.0080627e-5
7.0957314e-5,6.005155e-5
7.095329e-5,5.997898e-5
7.0958224e-5,6.007317e-5
7.095375e-5,6.0029895e-5
7.095279e-5,5.9946855e-5
7.095536e-5,5.9951115e-5
7.0952e-5,5.9965812e-5
7.095556e-5,6.0026177e-5
7.095581e-5,6.006835e-5
7.097282e-5,5.9987375e-5
7.101587e-5,5.998763e-5
7.095404e-5,5.9953647e-5
7.095872e-5,6.002826e-5
7.0960334e-5,6.000477e-5
7.1019575e-5,5.9925118e-5
7.09843e-5,6.006068e-5
7.095287e-5,5.993609e-5
7.0966504e-5,5.9930513e-5
7.1012284e-5,6.009672e-5
7.095874e-5,6.0058373e-5
7.099038e-5,5.9960686e-5
7.0971764e-5,6.0066588e-5
7.095525e-5,6.00143e-5
7.104098e-5,5.9934726e-5
7.0952156e-5,5.999924e-5
7.09635e-5,6.0033937e-5
7.097771e-5,5.994317e-5
7.0952134e-5,5.992129e-5
7.0955706e-5,5.9923583e-5
7.0950045e-5,5.9958787e-5
7.09692e-5,5.994634e-5
7.095106e-5,5.9958988e-5
7.096514e-5,5.9936243e-5
7.095969e-5,6.002727e-5
7.095492e-5,5.9998874e-5
7.094987e-5,6.0001952e-5
7.095193e-5,5.9989532e-5
7.0951646e-5,5.999004e-5
7.095675e-5,5.998786e-5
7.0978705e-5,6.0010938e-5
7.0976545e-5,6.0106235e-5
7.0964925e-5,5.9985217e-5
7.09492e-5,5.995259e-5
7.095035e-5,5.9951748e-5
7.094856e-5,5.9954018e-5
7.0959955e-5,5.9937007e-5
7.095584e-5,5.988287e-5
7.096667e-5,5.9917566e-5
7.0954586e-5,5.9946433e-5
7.095442e-5,5.989669e-5
7.094964e-5,5.9915263e-5
7.095434e-5,5.9905098e-5
7.096032e-5,5.993921e-5
7.0961694e-5,6.0011804e-5
7.095135e-5,5.996964e-5
7.0948336e-5,5.989854e-5
7.0947484e-5,5.991695e-5
7.094764e-5,5.9967013e-5
7.096019e-5,5.9984508e-5
7.095213e-5,5.993634e-5
7.09695e-5,6.002664e-5
7.0969174e-5,6.005274e-5
7.095209e-5,5.9949845e-5
7.09526e-5,5.9894708e-5
7.0956485e-5,5.997836e-5
7.094676e-5,5.9908933e-5
7.09555e-5,5.992687e-5
7.098822e-5,5.9877326e-5
7.09634e-5,5.9850467e-5
7.095183e-5,5.9932023e-5
7.0947375e-5,5.991477e-5
7.095511e-5,5.992344e-5
7.095115e-5,5.999492e-5
7.0949565e-5,5.997532e-5
7.100148e-5,6.0096747e-5
7.096015e-5,5.9995837e-5
7.095521e-5,5.9974092e-5
7.0961694e-5,5.9904218e-5
7.094699e-5,5.9912803e-5
7.0951945e-5,5.9949838e-5
7.09717e-5,5.991134e-5
7.0945294e-5,5.994887e-5
7.096515e-5,5.9880163e-5
7.0946815e-5,5.9945225e-5
7.0949165e-5,6.000231e-5
7.0952476e-5,6.003068e-5
7.094878e-5,5.99769e-5
7.097208e-5,5.9930186e-5
7.0955786e-5,5.9944912e-5
7.0946255e-5,5.9938044e-5
7.094856e-5,5.995816e-5
7.0961185e-5,5.9961738e-5
7.0956376e-5,5.9932987e-5
7.0957525e-5,5.991988e-5
7.0956055e-5,5.994002e-5
7.094698e-5,5.9969283e-5
7.09488e-5,5.9989838e-5
7.096271e-5,6.0050435e-5
7.097261e-5,6.0040446e-5
7.097368e-5,5.991919e-5
7.094635e-5,5.9928756e-5
7.094736e-5,5.9973547e-5
7.095922e-5,5.999684e-5
7.094867e-5,5.996548e-5
7.095505e-5,5.9939244e-5
7.095739e-5,5.997903e-5
7.094935e-5,6.001506e-5
7.099625e-5,5.992663e-5
7.0991024e-5,6.0103095e-5
7.0954884e-5,6.0018698e-5
7.09596e-5,5.999026e-5
7.095287e-5,6.0011436e-5
7.0950206e-5,5.9945152e-5
7.096153e-5,5.9933598e-5
7.096286e-5,6.0041184e-5
7.095196e-5,5.99639e-5
7.0957896e-5,5.9930975e-5
7.098704e-5,5.991255e-5
7.1012786e-5,6.0117018e-5
7.096729e-5,5.9980357e-5
7.094579e-5,5.9981096e-5
7.0964365e-5,6.007673e-5
7.1031136e-5,5.991835e-5
7.095402e-5,5.998787e-5
7.095547e-5,5.9978593e-5
7.09583e-5,5.9961756e-5
7.094504e-5,5.9993043e-5
7.096285e-5,5.988278e-5
7.095104e-5,5.993241e-5
7.10055e-5,6.013584e-5
7.095383e-5,5.9884344e-5
7.0944254e-5,5.9957325e-5
7.09688e-5,5.992907e-5
7.096215e-5,6.0002218e-5
7.0952956e-5,5.9997616e-5
7.0947186e-5,5.9940703e-5
7.0951435e-5,5.9951417e-5
7.094744e-5,5.9977134e-5
7.0944945e-5,5.996597e-5
7.095574e-5,5.9883205e-5
7.097113e-5,5.9873993e-5
7.096515e-5,5.9894886e-5
7.095783e-5,6.007216e-5
7.0948474e-5,5.9995287e-5
7.0969465e-5,6.010777e-5
7.095239e-5,6.0051712e-5
7.0964146e-5,5.9900995e-5
7.095061e-5,5.9974354e-5
7.094672e-5,5.99637e-5
7.0947724e-5,5.9973456e-5
7.095791e-5,5.9952017e-5
7.095791e-5,6.0020273e-5
7.09596e-5,5.997816e-5
7.095401e-5,5.9959308e-5
7.09587e-5,5.9885468e-5
7.095223e-5,5.9936658e-5
7.095151e-5,5.9935177e-5
7.096546e-5,5.9972564e-5
7.09513e-5,5.9991522e-5
7.0949456e-5,6.0013408e-5
7.095724e-5,5.998193e-5
7.094646e-5,5.9973605e-5
7.095014e-5,5.9986156e-5
7.098188e-5,6.013979e-5
7.100057e-5,6.011157e-5
7.095271e-5,5.9893442e-5
7.094699e-5,6.0033657e-5
7.0960596e-5,6.006411e-5
7.094916e-5,5.9995466e-5
7.096544e-5,5.9918195e-5
7.1038536e-5,5.989545e-5
7.094813e-5,5.9915285e-5
7.096736e-5,6.0061335e-5
7.098009e-5,5.9879163e-5
7.097267e-5,5.9930848e-5
7.0951326e-5,6.0063467e-5
7.096633e-5,5.9943523e-5
7.096157e-5,5.993832e-5
7.099845e-5,6.0156643e-5
7.0962335e-5,6.0049293e-5
7.096786e-5,5.9907004e-5
7.096332e-5,6.0028597e-5
7.094436e-5,5.996716e-5
7.0947965e-5,5.9899594e-5
7.107117e-5,6.02223e-5
7.094998e-5,5.995038e-5
7.094743e-5,5.9917853e-5
7.094862e-5,5.99286e-5
7.094891e-5,5.9930895e-5
7.0950235e-5,5.9958104e-5
7.095258e-5,5.9915383e-5
7.098205e-5,6.006101e-5
7.0950955e-5,5.9955222e-5
7.09664e-5,5.991534e-5
7.094662e-5,5.9943202e-5
7.0946175e-5,5.9951446e-5
7.095661e-5,5.997531e-5
7.095549e-5,5.9878304e-5
7.095752e-5,5.9956492e-5
7.097e-5,6.007274e-5
7.095079e-5,5.9960934e-5
7.095924e-5,6.0017872e-5
7.0954e-5,5.988096e-5
7.09524e-5,5.9946316e-5
7.100594e-5,5.99189e-5
7.096875e-5,5.992597e-5
7.095227e-5,5.9910595e-5
7.0946204e-5,5.988925e-5
7.096672e-5,5.99393e-5
7.0963535e-5,6.0020982e-5
7.094541e-5,5.99044e-5
7.094436e-5,5.994607e-5
7.0951726e-5,5.9877e-5
7.101049e-5,5.9884864e-5
7.099389e-5,6.003822e-5
7.095138e-5,6.0024282e-5
7.0946066e-5,5.9943126e-5
7.094625e-5,5.9955466e-5
7.0943555e-5,5.9973878e-5
7.095041e-5,5.999907e-5
7.0986585e-5,5.9943082e-5
7.097026e-5,6.0056962e-5
7.096597e-5,6.0050832e-5
7.0944996e-5,5.995015e-5
7.097923e-5,5.9860715e-5
7.095253e-5,5.993026e-5
7.0954084e-5,5.989977e-5
7.100634e-5,5.9982427e-5
7.095411e-5,5.996101e-5
7.096978e-5,5.9959522e-5
7.096283e-5,5.995331e-5
7.09488e-5,5.9936316e-5
7.101603e-5,6.0151753e-5
7.094883e-5,5.9910606e-5
7.0945374e-5,6.001064e-5
7.094601e-5,5.99836e-5
7.09624e-5,5.9945607e-5
7.0972346e-5,6.002335e-5
7.094907e-5,5.9966118e-5
7.098261e-5,5.9950937e-5
7.0957045e-5,6.0013037e-5
7.096065e-5,5.9925365e-5
7.094387e-5,5.9978764e-5
7.0952905e-5,5.9956714e-5
7.0979615e-5,5.991101e-5
7.095161e-5,5.9948172e-5
7.096758e-5,6.005876e-5
7.0960945e-5,5.994795e-5
7.094738e-5,5.9974693e-5
7.095896e-5,6.000259e-5
7.094744e-5,6.0008733e-5
7.095381e-5,5.9906382e-5
7.095213e-5,6.0030416e-5
7.0970564e-5,5.989131e-5
7.096086e-5,6.009506e-5
7.0960254e-5,6.006842e-5
7.0966504e-5,6.0024584e-5
7.096547e-5,5.9916103e-5
7.094945e-5,6.0039834e-5
7.094864e-5,5.9948285e-5
7.094442e-5,5.9962185e-5
7.095184e-5,5.9950202e-5
7.111646e-5,6.029951e-5
7.095018e-5,5.9995866e-5
7.095266e-5,6.000054e-5
7.094509e-5,5.994926e-5
7.094696e-5,5.993741e-5
7.094701e-5,5.9936425e-5
7.094602e-5,5.9935308e-5
7.100631e-5,6.00735e-5
7.0967966e-5,6.0018847e-5
7.096949e-5,6.0016457e-5
7.103573e-5,5.98697e-5
7.0948416e-5,5.990183e-5
7.1015944e-5,6.0055012e-5
7.096335e-5,5.9915154e-5
7.09535e-5,5.99621e-5
7.09437e-5,5.9921087e-5
7.094758e-5,5.989122e-5
7.095587e-5,5.9969647e-5
7.095091e-5,6.0023598e-5
7.094504e-5,5.9990252e-5
7.094713e-5,5.994488e-5
7.09558e-5,5.991241e-5
7.0962626e-5,5.999707e-5
7.094524e-5,5.9951544e-5
7.094762e-5,5.996203e-5
7.094177e-5,5.9929425e-5
7.094438e-5,5.9929793e-5
7.095004e-5,5.998335e-5
7.094628e-5,5.9942144e-5
7.094558e-5,5.997672e-5
7.0946735e-5,5.99312e-5
7.09835e-5,6.0097933e-5
7.096555e-5,6.002565e-5
7.094897e-5,5.9948674e-5
7.094798e-5,5.9902493e-5
7.097279e-5,5.9849608e-5
7.0944254e-5,5.993686e-5
7.096045e-5,5.995641e-5
7.094501e-5,5.991758e-5
7.09479e-5,5.98846e-5
7.098281e-5,5.9868362e-5
7.09504e-5,5.9900565e-5
7.099001e-5,5.9875103e-5
7.0955604e-5,5.987363e-5
7.103058e-5,6.019965e-5
7.0952345e-5,5.9929724e-5
7.0954855e-5,5.9952043e-5
7.095076e-5,5.9936847e-5
7.095585e-5,5.990469e-5
7.094816e-5,5.9928556e-5
7.096433e-5,5.9845763e-5
7.096959e-5,5.997649e-5
7.0961556e-5,5.988593e-5
7.095402e-5,5.9958307e-5
7.0952316e-5,5.9996382e-5
7.0950126e-5,5.9884514e-5
7.0969014e-5,5.9894806e-5
7.095201e-5,5.9957572e-5
7.094812e-5,5.992767e-5
7.0962175e-5,5.9983864e-5
7.095253e-5,5.987496e-5
7.094687e-5,5.9977432e-5
7.095701e-5,5.9948165e-5
7.096476e-5,5.9917944e-5
7.094703e-5,5.9932863e-5
7.0943795e-5,5.9953458e-5
7.094499e-5,5.9926315e-5
7.095608e-5,5.9865608e-5
7.095377e-5,5.9894573e-5
7.095422e-5,5.9958984e-5
7.094945e-5,5.9897586e-5
7.0943206e-5,5.9947502e-5
7.099413e-5,6.01525e-5
7.096079e-5,6.000055e-5
7.09817e-5,6.0100017e-5
7.094321e-5,5.9984442e-5
7.094463e-5,6.001305e-5
7.095239e-5,6.0018694e-5
7.09474e-5,6.00037e-5
7.0942966e-5,5.99835e-5
7.0943344e-5,5.996093e-5
7.095648e-5,6.0006638e-5
7.094868e-5,5.993012e-5
7.094352e-5,5.9903246e-5
7.096588e-5,6.000983e-5
7.098496e-5,6.0080507e-5
7.095481e-5,5.9905724e-5
7.09632e-5,5.9893093e-5
7.09823e-5,6.0016657e-5
7.09448e-5,5.9998052e-5
7.094464e-5,6.000876e-5
7.0966875e-5,6.000188e-5
7.096474e-5,5.991921e-5
7.094734e-5,5.999075e-5
7.0944174e-5,5.9948765e-5
7.094443e-5,5.9921764e-5
7.094762e-5,5.9947837e-5
7.095114e-5,5.9943577e-5
7.094567e-5,5.992127e-5
7.094714e-5,5.998179e-5
7.0951675e-5,5.9999664e-5
7.0945105e-5,5.99701e-5
7.09532e-5,6.0042246e-5
7.094479e-5,5.993211e-5
7.094285e-5,5.9951963e-5
7.094852e-5,5.9962906e-5
7.094629e-5,5.996279e-5
7.098283e-5,6.0077855e-5
7.0958675e-5,5.994126e-5
7.0968934e-5,6.005094e-5
7.095966e-5,5.9993996e-5
7.0991635e-5,5.9901035e-5
7.094578e-5,5.994025e-5
7.097162e-5,5.9889833e-5
7.0957765e-5,6.004565e-5
7.094351e-5,5.9961152e-5
7.0956354e-5,5.9948416e-5
7.0951646e-5,6.0026985e-5
7.09599e-5,6.002678e-5
7.0949085e-5,6.0025908e-5
7.100847e-5,6.0151215e-5
7.097652e-5,5.9968148e-5
7.095598e-5,6.002573e-5
7.094272e-5,5.993759e-5
7.096621e-5,6.0014077e-5
7.094873e-5,5.9906382e-5
7.094396e-5,5.991732e-5
7.0948976e-5,5.9886424e-5
7.094752e-5,5.9877773e-5
7.0945105e-5,5.9874947e-5
7.094503e-5,5.989766e-5
7.094392e-5,5.9893475e-5
7.0949834e-5,5.9881542e-5
7.101065e-5,5.983816e-5
7.094976e-5,5.9841474e-5
7.097101e-5,5.9979837e-5
7.09581e-5,5.98294e-5
7.094766e-5,5.9853977e-5
7.0972805e-5,5.9832517e-5
7.0944196e-5,5.988442e-5
7.094575e-5,5.986079e-5
7.094953e-5,5.9957027e-5
7.095066e-5,5.9904985e-5
7.095369e-5,5.999959e-5
7.094172e-5,5.9961407e-5
7.098603e-5,6.0021644e-5
7.095676e-5,5.9872305e-5
7.098671e-5,5.9884595e-5
7.1009745e-5,5.9938993e-5
7.098423e-5,6.008271e-5
7.094761e-5,5.995046e-5
7.095006e-5,5.9865666e-5
7.094809e-5,5.99307e-5
7.0965005e-5,6.0118804e-5
7.095241e-5,5.996944e-5
7.095713e-5,5.9984366e-5
7.0977825e-5,6.006578e-5
7.0957125e-5,5.9978905e-5
7.094931e-5,6.0000846e-5
7.09487e-5,5.9942005e-5
7.096288e-5,5.988599e-5
7.100368e-5,5.987533e-5
7.097458e-5,5.9891292e-5
7.098628e-5,6.006615e-5
7.094508e-5,5.9884285e-5
7.094803e-5,5.986331e-5
7.094956e-5,5.990451e-5
7.0946735e-5,5.9940736e-5
7.094638e-5,6.0034334e-5
7.094095e-5,5.9963822e-5
7.0947455e-5,6.0024104e-5
7.095537e-5,6.0045837e-5
7.095523e-5,6.008172e-5
7.0981136e-5,6.01344e-5
7.09458e-5,5.998046e-5
7.0947564e-5,6.003889e-5
7.097156e-5,5.9910417e-5
7.09832e-5,6.013826e-5
7.0944894e-5,6.0004386e-5
7.094692e-5,6.0021015e-5
7.094307e-5,5.9990292e-5
7.094483e-5,5.9897153e-5
7.0956725e-5,5.992076e-5
7.0989096e-5,6.0081726e-5
7.094538e-5,5.9947295e-5
7.0957314e-5,5.9942497e-5
7.0968126e-5,6.0021142e-5
7.094196e-5,5.992977e-5
7.0957045e-5,6.0019796e-5
7.10152e-5,6.0012164e-5
7.094828e-5,5.997214e-5
7.094717e-5,5.993816e-5
7.095549e-5,5.994041e-5
7.094366e-5,5.9914324e-5
7.0947804e-5,5.988242e-5
7.0951224e-5,5.9940423e-5
7.094646e-5,5.9947623e-5
7.0956004e-5,5.9964448e-5
7.094518e-5,5.9998714e-5
7.095152e-5,6.006314e-5
7.094281e-5,5.9966133e-5
7.0997594e-5,5.992395e-5
7.0957445e-5,6.0023125e-5
7.097163e-5,6.0049057e-5
7.094441e-5,5.9925176e-5
7.095567e-5,5.9889597e-5
7.0952105e-5,5.9960443e-5
7.0977e-5,5.987892e-5
7.09449e-5,5.9922895e-5
7.095812e-5,5.9925205e-5
7.0944545e-5,5.996721e-5
7.0957925e-5,6.0004673e-5
7.094505e-5,5.995728e-5
7.0972936e-5,6.00192e-5
7.094509e-5,5.9984934e-5
7.0982824e-5,5.9967944e-5
7.0945425e-5,6.002948e-5
7.094713e-5,6.003716e-5
7.094399e-5,5.9926897e-5
7.095661e-5,5.9988663e-5
7.094701e-5,5.9895414e-5
7.0943686e-5,5.991854e-5
7.095451e-5,5.9878177e-5
7.0954906e-5,5.9973492e-5
7.096217e-5,5.9870326e-5
7.0956725e-5,5.9859067e-5
7.096132e-5,5.9922982e-5
7.095206e-5,5.989959e-5
7.099683e-5,6.0056092e-5
7.094683e-5,5.986429e-5
7.094771e-5,5.9934027e-5
7.094748e-5,5.9876664e-5
7.0949296e-5,5.991043e-5
7.095589e-5,5.9954804e-5
7.0944465e-5,5.992635e-5
7.094343e-5,5.993836e-5
7.095679e-5,5.9896654e-5
7.094417e-5,5.998212e-5
7.0992966e-5,6.0146354e-5
7.095226e-5,6.0006e-5
7.094321e-5,5.996422e-5
7.0942624e-5,5.991269e-5
7.096399e-5,5.9968366e-5
7.099462e-5,6.0144983e-5
7.0952294e-5,6.0006103e-5
7.0945374e-5,5.9947393e-5
7.095084e-5,5.988029e-5
7.094954e-5,5.9928218e-5
7.0945316e-5,5.991093e-5
7.09479e-5,5.9962465e-5
7.097092e-5,5.996298e-5
7.0948605e-5,6.001843e-5
7.103688e-5,5.9986956e-5
7.095904e-5,6.0067334e-5
7.09577e-5,5.9964797e-5
7.095043e-5,5.9933274e-5
7.100958e-5,6.013361e-5
7.096253e-5,6.0036185e-5
7.099751e-5,5.9904636e-5
7.094339e-5,5.9977632e-5
7.099843e-5,5.989336e-5
7.094903e-5,5.995227e-5
7.102538e-5,5.9897415e-5
7.096422e-5,5.9928614e-5
7.095291e-5,5.993932e-5
7.097941e-5,6.001483e-5
7.095204e-5,5.989602e-5
7.095345e-5,5.9972557e-5
7.094441e-5,5.9971335e-5
7.094285e-5,5.990555e-5
7.098287e-5,6.007894e-5
7.09761e-5,5.988092e-5
7.0965914e-5,5.996145e-5
7.0943715e-5,5.9883118e-5
7.095766e-5,5.9893504e-5
7.096995e-5,5.9994796e-5
7.095044e-5,5.993811e-5
7.094907e-5,5.9888964e-5
7.0961854e-5,5.9942195e-5
7.094218e-5,5.9964696e-5
7.094126e-5,5.9974747e-5
7.094258e-5,5.9951482e-5
7.094757e-5,6.004446e-5
7.0947375e-5,6.002916e-5
7.094242e-5,5.99649e-5
7.0972696e-5,6.00536e-5
7.0943825e-5,5.9933504e-5
7.094608e-5,5.999444e-5
7.0964576e-5,5.9938135e-5
7.097737e-5,6.0074086e-5
7.096663e-5,6.0015293e-5
